label,records,share_pct,avg_conf,min_conf,max_conf
terlalu masak,296,59.3186372745491,0.7018571073139036,0.5000443458557129,0.868281364440918
masak,202,40.480961923847694,0.7152242386105037,0.5057551264762878,0.9107164144515991
kurang masak,1,0.20040080160320642,0.5943342447280884,0.5943342447280884,0.5943342447280884
